date,week_high,week_low,week_close
2016-05-27,8164.2001953125,8077.0498046875,8156.64990234375
2016-06-03,8262.0,8134.2998046875,8220.7998046875
2016-06-10,8294.9501953125,8162.85009765625,8170.0498046875
2016-06-17,8213.2001953125,8063.89990234375,8170.2001953125
2016-06-24,8285.599609375,7927.0498046875,8088.60009765625
2016-07-01,8356.75,8039.35009765625,8328.349609375
2016-07-08,8398.4501953125,8287.5498046875,8323.2001953125
2016-07-15,8594.7998046875,8407.0498046875,8541.400390625
2016-07-22,8587.099609375,8476.7001953125,8541.2001953125
2016-07-29,8674.7001953125,8517.2001953125,8638.5
2016-08-05,8711.2998046875,8518.150390625,8683.150390625
2016-08-12,8728.349609375,8540.0498046875,8592.150390625
2016-08-19,8696.599609375,8600.4501953125,8666.900390625
2016-08-26,8684.849609375,8547.5498046875,8572.5498046875
2016-09-02,8824.099609375,8543.75,8809.650390625
2016-09-09,8968.7001953125,8848.4501953125,8866.7001953125
2016-09-16,8847.650390625,8688.900390625,8779.849609375
2016-09-23,8893.349609375,8757.2998046875,8831.5498046875
2016-09-30,8809.5498046875,8555.2001953125,8611.150390625
2016-10-07,8806.9501953125,8635.0,8697.599609375
2016-10-14,8745.7998046875,8541.349609375,8583.400390625
2016-10-21,8727.0,8506.150390625,8693.0498046875
2016-10-28,8736.9501953125,8550.25,8638.0
2016-11-04,8669.599609375,8400.25,8433.75
2016-11-11,8598.4501953125,8002.25,8296.2998046875
2016-11-18,8288.5498046875,8048.2998046875,8074.10009765625
2016-11-25,8122.25,7916.39990234375,8114.2998046875
2016-12-02,8250.7998046875,8066.5,8086.7998046875
2016-12-09,8274.9501953125,8056.85009765625,8261.75
2016-12-16,8230.650390625,8121.9501953125,8139.4501953125
2016-12-23,8132.5,7942.0498046875,7985.75
2016-12-30,8197.0,7893.7998046875,8185.7998046875
2017-01-06,8306.849609375,8133.7998046875,8243.7998046875
2017-01-13,8461.0498046875,8227.75,8400.349609375
2017-01-20,8460.2998046875,8340.9501953125,8349.349609375
2017-01-27,8672.7001953125,8327.2001953125,8641.25
2017-02-03,8757.599609375,8537.5,8740.9501953125
2017-02-10,8822.099609375,8715.0,8793.5498046875
2017-02-17,8896.4501953125,8712.849609375,8821.7001953125
2017-02-24,8982.150390625,8809.7998046875,8939.5
2017-03-03,8992.5,8860.099609375,8897.5498046875
2017-03-10,8977.849609375,8891.9501953125,8934.5498046875
2017-03-17,9218.400390625,9060.5,9160.0498046875
2017-03-24,9167.599609375,9019.2998046875,9108.0
2017-03-31,9191.7001953125,9024.650390625,9173.75
2017-04-07,9273.900390625,9188.099609375,9198.2998046875
2017-04-14,9246.400390625,9144.9501953125,9150.7998046875
2017-04-21,9217.900390625,9075.150390625,9119.400390625
2017-04-28,9367.150390625,9130.5498046875,9304.0498046875
2017-05-05,9377.099609375,9269.900390625,9285.2998046875
2017-05-12,9450.650390625,9297.9501953125,9400.900390625
2017-05-19,9532.599609375,9390.75,9427.900390625
2017-05-26,9604.900390625,9341.650390625,9595.099609375
2017-06-02,9673.5,9547.7001953125,9653.5
2017-06-09,9709.2998046875,9608.150390625,9668.25
2017-06-16,9654.150390625,9560.7998046875,9588.0498046875
2017-06-23,9698.849609375,9565.2998046875,9574.9501953125
2017-06-30,9615.400390625,9448.75,9520.900390625
2017-07-07,9700.7001953125,9543.5498046875,9665.7998046875
2017-07-14,9913.2998046875,9646.4501953125,9886.349609375
2017-07-21,9928.2001953125,9792.0498046875,9915.25
2017-07-28,10114.849609375,9919.599609375,10014.5
2017-08-04,10137.849609375,9988.349609375,10066.400390625
2017-08-11,10088.099609375,9685.5498046875,9710.7998046875
2017-08-18,9947.7998046875,9752.099609375,9837.400390625
2017-08-25,9884.349609375,9740.099609375,9857.0498046875
2017-09-01,9983.4501953125,9783.75,9974.400390625
2017-09-08,9988.400390625,9861.0,9934.7998046875
2017-09-15,10131.9501953125,9968.7998046875,10085.400390625
2017-09-22,10178.9501953125,9952.7998046875,9964.400390625
2017-09-29,9960.5,9687.5498046875,9788.599609375
2017-10-06,9989.349609375,9831.0498046875,9979.7001953125
2017-10-13,10191.900390625,9955.7998046875,10167.4501953125
2017-10-20,10251.849609375,10123.349609375,10146.5498046875
2017-10-27,10366.150390625,10124.5,10323.0498046875
2017-11-03,10461.7001953125,10323.9501953125,10452.5
2017-11-10,10490.4501953125,10254.099609375,10321.75
2017-11-17,10343.599609375,10094.0,10283.599609375
2017-11-24,10404.5,10261.5,10389.7001953125
2017-12-01,10409.5498046875,10108.5498046875,10121.7998046875
2017-12-08,10270.849609375,10033.349609375,10265.650390625
2017-12-15,10373.099609375,10141.5498046875,10333.25
2017-12-22,10501.099609375,10074.7998046875,10493.0
2017-12-29,10552.400390625,10460.4501953125,10530.7001953125
2018-01-05,10566.099609375,10404.650390625,10558.849609375
2018-01-12,10690.400390625,10588.5498046875,10681.25
2018-01-19,10906.849609375,10666.75,10894.7001953125
2018-01-26,11110.099609375,10881.400390625,11069.650390625
2018-02-02,11171.5498046875,10736.099609375,10760.599609375
2018-02-09,10702.75,10276.2998046875,10454.9501953125
2018-02-16,10618.099609375,10434.0498046875,10452.2998046875
2018-02-23,10499.099609375,10302.75,10491.0498046875
2018-03-02,10631.650390625,10447.150390625,10458.349609375
2018-03-09,10441.349609375,10141.5498046875,10226.849609375
2018-03-16,10478.599609375,10180.25,10195.150390625
2018-03-23,10227.2998046875,9951.900390625,9998.0498046875
2018-03-30,10207.900390625,9958.5498046875,10113.7001953125
2018-04-06,10350.4501953125,10111.2998046875,10331.599609375
2018-04-13,10519.900390625,10328.5,10480.599609375
2018-04-20,10594.2001953125,10396.349609375,10564.0498046875
2018-04-27,10719.7998046875,10514.9501953125,10692.2998046875
2018-05-04,10784.650390625,10601.599609375,10618.25
2018-05-11,10812.0498046875,10635.650390625,10806.5
2018-05-18,10929.2001953125,10589.099609375,10596.400390625
2018-05-25,10628.0498046875,10417.7998046875,10605.150390625
2018-06-01,10764.75,10558.4501953125,10696.2001953125
2018-06-08,10818.0,10550.900390625,10767.650390625
2018-06-15,10893.25,10755.400390625,10817.7001953125
2018-06-22,10837.0,10701.2001953125,10821.849609375
2018-06-29,10831.0498046875,10557.7001953125,10714.2998046875
2018-07-06,10816.349609375,10604.650390625,10772.650390625
2018-07-13,11078.2998046875,10807.150390625,11018.900390625
2018-07-20,11076.2001953125,10925.599609375,11010.2001953125
2018-07-27,11283.400390625,11010.9501953125,11278.349609375
2018-08-03,11390.5498046875,11234.9501953125,11360.7998046875
2018-08-10,11495.2001953125,11359.7001953125,11429.5
2018-08-17,11486.4501953125,11340.2998046875,11470.75
2018-08-24,11620.7001953125,11499.650390625,11557.099609375
2018-08-31,11760.2001953125,11595.599609375,11680.5
2018-09-07,11751.7998046875,11393.849609375,11589.099609375
2018-09-14,11573.0,11250.2001953125,11515.2001953125
2018-09-21,11464.9501953125,10866.4501953125,11143.099609375
2018-09-28,11170.150390625,10850.2998046875,10930.4501953125
2018-10-05,11035.650390625,10261.900390625,10316.4501953125
2018-10-12,10492.4501953125,10138.599609375,10472.5
2018-10-19,10710.150390625,10249.599609375,10303.5498046875
2018-10-26,10408.5498046875,10004.5498046875,10030.0
2018-11-02,10606.9501953125,10020.349609375,10553.0
2018-11-09,10619.5498046875,10477.0,10585.2001953125
2018-11-16,10695.150390625,10440.5498046875,10682.2001953125
2018-11-23,10774.7001953125,10512.0,10526.75
2018-11-30,10922.4501953125,10489.75,10876.75
2018-12-07,10941.2001953125,10588.25,10693.7001953125
2018-12-14,10838.599609375,10333.849609375,10805.4501953125
2018-12-21,10985.150390625,10738.650390625,10754.0
2018-12-28,10893.599609375,10534.5498046875,10859.900390625
2019-01-04,10923.5498046875,10628.650390625,10727.349609375
2019-01-11,10870.400390625,10733.25,10794.9501953125
2019-01-18,10930.650390625,10692.349609375,10906.9501953125
2019-01-25,10987.4501953125,10756.4501953125,10780.5498046875
2019-02-01,10983.4501953125,10583.650390625,10893.650390625
2019-02-08,11118.099609375,10814.150390625,10943.599609375
2019-02-15,10930.900390625,10620.400390625,10724.400390625
2019-02-22,10808.849609375,10585.650390625,10791.650390625
2019-03-01,10939.7001953125,10729.2998046875,10863.5
2019-03-08,11089.0498046875,10817.0,11035.400390625
2019-03-15,11487.0,11059.849609375,11426.849609375
2019-03-22,11572.7998046875,11412.5,11456.900390625
2019-03-29,11588.5,11311.599609375,11570.0
2019-04-05,11761.0,11559.2001953125,11665.9501953125
2019-04-12,11710.2998046875,11549.099609375,11643.4501953125
2019-04-19,11856.150390625,11648.25,11752.7998046875
2019-04-26,11796.75,11564.7998046875,11754.650390625
2019-05-03,11789.2998046875,11655.900390625,11712.25
2019-05-10,11657.0498046875,11251.0498046875,11278.900390625
2019-05-17,11426.150390625,11108.2998046875,11407.150390625
2019-05-24,12041.150390625,11591.7001953125,11844.099609375
2019-05-31,12039.25,11812.400390625,11922.7998046875
2019-06-07,12103.0498046875,11769.5,11870.650390625
2019-06-14,12000.349609375,11797.7001953125,11823.2998046875
2019-06-21,11844.0498046875,11625.099609375,11724.099609375
2019-06-28,11911.150390625,11651.0,11788.849609375
2019-07-05,11981.75,11797.900390625,11811.150390625
2019-07-12,11771.900390625,11461.0,11552.5
2019-07-19,11706.650390625,11399.2998046875,11419.25
2019-07-26,11398.150390625,11210.0498046875,11284.2998046875
2019-08-02,11310.9501953125,10848.9501953125,10997.349609375
2019-08-09,11181.4501953125,10782.599609375,11109.650390625
2019-08-16,11145.900390625,10901.599609375,11047.7998046875
2019-08-23,11146.900390625,10637.150390625,10829.349609375
2019-08-30,11141.75,10756.5498046875,11023.25
2019-09-06,10967.5,10746.349609375,10946.2001953125
2019-09-13,11084.4501953125,10889.7998046875,11075.900390625
2019-09-20,11381.900390625,10670.25,11274.2001953125
2019-09-27,11694.849609375,11416.099609375,11512.400390625
2019-10-04,11554.2001953125,11158.349609375,11174.75
2019-10-11,11362.900390625,11090.150390625,11305.0498046875
2019-10-18,11684.7001953125,11290.0498046875,11661.849609375
2019-10-25,11714.349609375,11490.75,11583.900390625
2019-11-01,11945.0,11627.349609375,11890.599609375
2019-11-08,12034.150390625,11850.25,11908.150390625
2019-11-15,11973.650390625,11802.650390625,11895.4501953125
2019-11-22,12038.599609375,11867.599609375,11914.400390625
2019-11-29,12158.7998046875,11919.75,12056.0498046875
2019-12-06,12137.150390625,11888.849609375,11921.5
2019-12-13,12098.849609375,11832.2998046875,12086.7001953125
2019-12-20,12293.900390625,12046.2998046875,12271.7998046875
2019-12-27,12287.150390625,12118.849609375,12245.7998046875
2020-01-03,12289.900390625,12151.7998046875,12226.650390625
2020-01-10,12311.2001953125,11929.599609375,12256.7998046875
2020-01-17,12389.0498046875,12278.75,12352.349609375
2020-01-24,12430.5,12087.900390625,12248.25
2020-01-31,12216.599609375,11945.849609375,11962.099609375
2020-02-07,12160.599609375,11614.5,12098.349609375
2020-02-14,12246.7001953125,11990.75,12113.4501953125
2020-02-21,12159.599609375,11908.0498046875,12080.849609375
2020-02-28,12012.5498046875,11175.0498046875,11201.75
2020-03-06,11433.0,10827.400390625,10989.4501953125
2020-03-13,10751.5498046875,8555.150390625,9955.2001953125
2020-03-20,9602.2001953125,7832.5498046875,8745.4501953125
2020-03-27,9038.900390625,7511.10009765625,8660.25
2020-04-03,8678.2998046875,8055.7998046875,8083.7998046875
2020-04-10,9131.7001953125,8360.9501953125,9111.900390625
2020-04-17,9324.0,8821.900390625,9266.75
2020-04-24,9390.849609375,8909.400390625,9154.400390625
2020-05-01,9889.0498046875,9250.349609375,9859.900390625
2020-05-08,9533.5,9116.5,9251.5
2020-05-15,9584.5,9043.9501953125,9136.849609375
2020-05-22,9178.5498046875,8806.75,9039.25
2020-05-29,9598.849609375,8996.650390625,9580.2998046875
2020-06-05,10177.7998046875,9706.9501953125,10142.150390625
2020-06-12,10328.5,9544.349609375,9972.900390625
2020-06-19,10272.400390625,9726.349609375,10244.400390625
2020-06-26,10553.150390625,10194.5,10383.0
2020-07-03,10631.2998046875,10223.599609375,10607.349609375
2020-07-10,10847.849609375,10676.5498046875,10768.0498046875
2020-07-17,10933.4501953125,10562.900390625,10901.7001953125
2020-07-24,11239.7998046875,10953.0,11194.150390625
2020-07-31,11341.400390625,11026.650390625,11073.4501953125
2020-08-07,11256.7998046875,10882.25,11214.0498046875
2020-08-14,11373.599609375,11111.4501953125,11178.400390625
2020-08-21,11460.349609375,11144.5,11371.599609375
2020-08-28,11686.0498046875,11410.650390625,11647.599609375
2020-09-04,11794.25,11303.650390625,11333.849609375
2020-09-11,11493.5,11185.150390625,11464.4501953125
2020-09-18,11618.099609375,11383.5498046875,11504.9501953125
2020-09-25,11535.25,10790.2001953125,11050.25
2020-10-02,11428.599609375,11099.849609375,11416.9501953125
2020-10-09,11938.599609375,11452.2998046875,11914.2001953125
2020-10-16,12025.4501953125,11661.2998046875,11762.4501953125
2020-10-23,12018.650390625,11775.75,11930.349609375
2020-10-30,11942.849609375,11535.4501953125,11642.400390625
2020-11-06,12280.400390625,11557.400390625,12263.5498046875
2020-11-13,12769.75,12367.349609375,12719.9501953125
2020-11-20,12963.0,12730.25,12859.0498046875
2020-11-27,13145.849609375,12790.400390625,12968.9501953125
2020-12-04,13280.0498046875,12962.7998046875,13258.5498046875
2020-12-11,13579.349609375,13241.9501953125,13513.849609375
2020-12-18,13773.25,13447.0498046875,13760.5498046875
2020-12-25,13777.5,13131.4501953125,13749.25
2021-01-01,14049.849609375,13811.5498046875,14018.5
2021-01-08,14367.2998046875,13953.75,14347.25
2021-01-15,14653.349609375,14357.849609375,14433.7001953125
2021-01-22,14753.5498046875,14222.7998046875,14371.900390625
2021-01-29,14491.099609375,13596.75,13634.599609375
2021-02-05,15014.650390625,13661.75,14924.25
2021-02-12,15257.099609375,14977.2001953125,15163.2998046875
2021-02-19,15431.75,14898.2001953125,14981.75
2021-02-26,15176.5,14467.75,14529.150390625
2021-03-05,15273.150390625,14638.5498046875,14938.099609375
2021-03-12,15336.2998046875,14919.900390625,15030.9501953125
2021-03-19,15051.599609375,14350.099609375,14744.0
2021-03-26,14878.599609375,14264.400390625,14507.2998046875
2021-04-02,14883.2001953125,14617.599609375,14867.349609375
2021-04-09,14984.150390625,14459.5,14834.849609375
2021-04-16,14697.7001953125,14248.7001953125,14617.849609375
2021-04-23,14526.9501953125,14151.400390625,14341.349609375
2021-04-30,15044.349609375,14421.2998046875,14631.099609375
2021-05-07,14863.0498046875,14416.25,14823.150390625
2021-05-14,14966.900390625,14591.900390625,14677.7998046875
2021-05-21,15190.0,14725.349609375,15175.2998046875
2021-05-28,15469.650390625,15145.4501953125,15435.650390625
2021-06-04,15733.599609375,15374.0,15670.25
2021-06-11,15835.5498046875,15566.900390625,15799.349609375
2021-06-18,15901.599609375,15450.900390625,15683.349609375
2021-06-25,15895.75,15505.650390625,15860.349609375
2021-07-02,15915.650390625,15635.9501953125,15722.2001953125
2021-07-09,15914.2001953125,15632.75,15689.7998046875
2021-07-16,15962.25,15644.75,15923.400390625
2021-07-23,15899.7998046875,15578.5498046875,15856.0498046875
2021-07-30,15893.349609375,15513.4501953125,15763.0498046875
2021-08-06,16349.4501953125,15834.650390625,16238.2001953125
2021-08-13,16543.599609375,16162.5498046875,16529.099609375
2021-08-20,16701.849609375,16376.0498046875,16450.5
2021-08-27,16722.05078125,16395.69921875,16705.19921875
2021-09-03,17340.099609375,16764.849609375,17323.599609375
2021-09-10,17436.5,17254.19921875,17369.25
2021-09-17,17792.94921875,17269.150390625,17585.150390625
2021-09-24,17947.650390625,17326.099609375,17853.19921875
2021-10-01,17943.5,17452.900390625,17532.05078125
2021-10-08,17941.849609375,17581.349609375,17895.19921875
2021-10-15,18350.75,17839.099609375,18338.55078125
2021-10-22,18604.44921875,18034.349609375,18114.900390625
2021-10-29,18342.05078125,17613.099609375,17671.650390625
2021-11-05,18012.25,17697.099609375,17916.80078125
2021-11-12,18123.0,17798.19921875,18102.75
2021-11-19,18210.150390625,17688.5,17764.80078125
2021-11-26,17805.25,16985.69921875,17026.44921875
2021-12-03,17489.80078125,16782.400390625,17196.69921875
2021-12-10,17543.25,16891.69921875,17511.30078125
2021-12-17,17639.5,16966.44921875,16985.19921875
2021-12-24,17155.599609375,16410.19921875,17003.75
2021-12-31,17400.80078125,16833.19921875,17354.05078125
2022-01-07,17944.69921875,17383.30078125,17812.69921875
2022-01-14,18286.94921875,17879.150390625,18255.75
2022-01-21,18350.94921875,17485.849609375,17617.150390625
2022-01-28,17599.400390625,16836.80078125,17101.94921875
2022-02-04,17794.599609375,17244.55078125,17516.30078125
2022-02-11,17639.44921875,17043.650390625,17374.75
2022-02-18,17490.599609375,16809.650390625,17276.30078125
2022-02-25,17351.05078125,16203.25,16658.400390625
2022-03-04,16815.900390625,16133.7998046875,16245.349609375
2022-03-11,16757.30078125,15671.4501953125,16630.44921875
2022-03-18,17344.599609375,16555.0,17287.05078125
2022-03-25,17442.400390625,17006.30078125,17153.0
2022-04-01,17703.69921875,17003.900390625,17670.44921875
2022-04-08,18114.650390625,17600.55078125,17784.349609375
2022-04-15,17779.05078125,17442.349609375,17475.650390625
2022-04-22,17414.69921875,16824.69921875,17171.94921875
2022-04-29,17377.650390625,16888.69921875,17102.55078125
2022-05-06,17132.849609375,16340.900390625,16411.25
2022-05-13,16404.55078125,15735.75,15782.150390625
2022-05-20,16399.80078125,15739.650390625,16266.150390625
2022-05-27,16414.69921875,15903.7001953125,16352.4501953125
2022-06-03,16793.849609375,16438.849609375,16584.30078125
2022-06-10,16610.94921875,16172.599609375,16201.7998046875
2022-06-17,15886.150390625,15183.400390625,15293.5
2022-06-24,15749.25,15191.099609375,15699.25
2022-07-01,15927.4501953125,15511.0498046875,15752.0498046875
2022-07-08,16275.5,15661.7998046875,16220.599609375
2022-07-15,16248.5498046875,15858.2001953125,16049.2001953125
2022-07-22,16752.25,16142.2001953125,16719.44921875
2022-07-29,17172.80078125,16438.75,17158.25
2022-08-05,17490.69921875,17154.80078125,17397.5
2022-08-12,17724.650390625,17359.75,17698.150390625
2022-08-19,17992.19921875,17710.75,17758.44921875
2022-08-26,17726.5,17345.19921875,17558.900390625
2022-09-02,17777.650390625,17166.19921875,17539.44921875
2022-09-09,17925.94921875,17484.30078125,17833.349609375
2022-09-16,18096.150390625,17497.25,17530.849609375
2022-09-23,17919.30078125,17291.650390625,17327.349609375
2022-09-30,17196.400390625,16747.69921875,17094.349609375
2022-10-07,17428.80078125,16855.55078125,17314.650390625
2022-10-14,17348.55078125,16950.30078125,17185.69921875
2022-10-21,17670.150390625,17098.55078125,17576.30078125
2022-10-28,17838.900390625,17637.0,17786.80078125
2022-11-04,18178.75,17899.900390625,18117.150390625
2022-11-11,18362.30078125,17969.400390625,18349.69921875
2022-11-18,18442.150390625,18209.80078125,18307.650390625
2022-11-25,18534.900390625,18133.349609375,18512.75
2022-12-02,18887.599609375,18365.599609375,18696.099609375
2022-12-09,18728.599609375,18410.099609375,18496.599609375
2022-12-16,18696.099609375,18255.150390625,18269.0
2022-12-23,18473.349609375,17779.5,17806.80078125
2022-12-30,18265.25,17774.25,18105.30078125
2023-01-06,18251.94921875,17795.55078125,17859.44921875
2023-01-13,18141.400390625,17761.650390625,17956.599609375
2023-01-20,18183.75,17853.650390625,18027.650390625
2023-01-27,18201.25,17493.55078125,17604.349609375
2023-02-03,17972.19921875,17353.400390625,17854.05078125
2023-02-10,17916.900390625,17652.55078125,17856.5
2023-02-17,18134.75,17719.75,17944.19921875
2023-02-24,18004.349609375,17421.80078125,17465.80078125
2023-03-03,17644.75,17255.19921875,17594.349609375
2023-03-10,17799.94921875,17324.349609375,17412.900390625
2023-03-17,17529.900390625,16850.150390625,17100.05078125
2023-03-24,17207.25,16828.349609375,16945.05078125
2023-03-31,17381.599609375,16913.75,17359.75
2023-04-07,17638.69921875,17312.75,17599.150390625
2023-04-14,17842.150390625,17597.94921875,17828.0
2023-04-21,17863.0,17553.94921875,17624.05078125
2023-04-28,18089.150390625,17612.5,18065.0
2023-05-05,18267.44921875,18042.400390625,18069.0
2023-05-12,18389.69921875,18100.30078125,18314.80078125
2023-05-19,18458.900390625,18060.400390625,18203.400390625
2023-05-26,18508.55078125,18178.849609375,18499.349609375
2023-06-02,18662.44921875,18464.55078125,18534.099609375
2023-06-09,18777.900390625,18531.599609375,18563.400390625
2023-06-16,18864.69921875,18559.75,18826.0
2023-06-23,18886.599609375,18647.099609375,18665.5
2023-06-30,19201.69921875,18646.69921875,19189.05078125
2023-07-07,19523.599609375,19234.400390625,19331.80078125
2023-07-14,19595.349609375,19327.099609375,19564.5
2023-07-21,19991.849609375,19562.94921875,19745.0
2023-07-28,19867.55078125,19563.099609375,19646.05078125
2023-08-04,19795.599609375,19296.44921875,19517.0
2023-08-11,19645.5,19412.75,19428.30078125
2023-08-18,19482.75,19253.599609375,19310.150390625
2023-08-25,19584.44921875,19229.69921875,19265.80078125
2023-09-01,19458.55078125,19223.650390625,19435.30078125
2023-09-08,19867.150390625,19432.849609375,19819.94921875
2023-09-15,20222.44921875,19865.349609375,20192.349609375
2023-09-22,20195.349609375,19657.5,19674.25
2023-09-29,19766.650390625,19492.099609375,19638.30078125
2023-10-06,19675.75,19333.599609375,19653.5
2023-10-13,19843.30078125,19480.5,19751.05078125
2023-10-20,19849.75,19512.349609375,19542.650390625
2023-10-27,19556.849609375,18837.849609375,19047.25
2023-11-03,19276.25,18940.0,19230.599609375
2023-11-10,19464.400390625,19309.69921875,19425.349609375
2023-11-17,19875.25,19414.75,19731.80078125
2023-11-24,19875.150390625,19670.5,19794.69921875
2023-12-01,20291.55078125,19800.0,20267.900390625
2023-12-08,21006.099609375,20507.75,20969.400390625
2023-12-15,21492.30078125,20769.5,21456.650390625
2023-12-22,21593.0,20976.80078125,21349.400390625
2023-12-29,21801.44921875,21329.44921875,21731.400390625
2024-01-05,21834.349609375,21500.349609375,21710.80078125
2024-01-12,21928.25,21448.650390625,21894.55078125
2024-01-19,22124.150390625,21285.55078125,21622.400390625
2024-01-26,21750.25,21137.19921875,21352.599609375
2024-02-02,22126.80078125,21429.599609375,21853.80078125
2024-02-09,22053.30078125,21629.900390625,21782.5
2024-02-16,22068.650390625,21530.19921875,22040.69921875
2024-02-23,22297.5,21875.25,22212.69921875
2024-03-01,22353.30078125,21860.650390625,22338.75
2024-03-08,22525.650390625,22224.349609375,22493.55078125
2024-03-15,22526.599609375,21905.650390625,22023.349609375
2024-03-22,22180.69921875,21710.19921875,22096.75
2024-03-29,22516.0,21947.55078125,22326.900390625
2024-04-05,22619.0,22303.80078125,22513.69921875
2024-04-12,22775.69921875,22503.75,22519.400390625
2024-04-19,22427.44921875,21777.650390625,22147.0
2024-04-26,22625.94921875,22198.150390625,22419.94921875
2024-05-03,22794.69921875,22348.05078125,22475.849609375
2024-05-10,22588.80078125,21932.400390625,22055.19921875
2024-05-17,22502.150390625,21821.05078125,22466.099609375
2024-05-24,23026.400390625,22404.55078125,22957.099609375
2024-05-31,23110.80078125,22417.0,22530.69921875
2024-06-07,23338.69921875,21281.44921875,23290.150390625
2024-06-14,23490.400390625,23206.650390625,23465.599609375
2024-06-21,23667.099609375,23398.19921875,23501.099609375
2024-06-28,24174.0,23350.0,24010.599609375
2024-07-05,24401.0,23992.69921875,24323.849609375
2024-07-12,24592.19921875,24141.80078125,24502.150390625
2024-07-19,24854.80078125,24504.44921875,24530.900390625
2024-07-26,24861.150390625,24074.19921875,24834.849609375
2024-08-02,25078.30078125,24686.849609375,24717.69921875
2024-08-09,24419.75,23893.69921875,24367.5
2024-08-16,24563.900390625,24099.69921875,24541.150390625
2024-08-23,24867.349609375,24522.94921875,24823.150390625
2024-08-30,25268.349609375,24874.69921875,25235.900390625
2024-09-06,25333.650390625,24801.30078125,24852.150390625
2024-09-13,25433.349609375,24753.150390625,25356.5
2024-09-20,25849.25,25285.55078125,25790.94921875
2024-09-27,26277.349609375,25847.349609375,26178.94921875
2024-10-04,26134.69921875,24966.80078125,25014.599609375
2024-10-11,25234.05078125,24694.349609375,24964.25
2024-10-18,25212.05078125,24567.650390625,24854.05078125
2024-10-25,24978.30078125,24073.900390625,24180.80078125
2024-11-01,24498.19921875,24134.900390625,24304.349609375
2024-11-08,24537.599609375,23816.150390625,24148.19921875
2024-11-15,24336.80078125,23484.150390625,23532.69921875
2024-11-22,23956.099609375,23263.150390625,23907.25
2024-11-29,24354.55078125,23873.349609375,24131.099609375
2024-12-06,24857.75,24008.650390625,24677.80078125
2024-12-13,24792.30078125,24180.80078125,24768.30078125
2024-12-20,24781.25,23537.349609375,23587.5
2024-12-27,23938.849609375,23647.19921875,23813.400390625
2025-01-03,24226.69921875,23460.44921875,24004.75
2025-01-10,24089.94921875,23344.349609375,23431.5
2025-01-17,23391.650390625,23047.25,23203.19921875
2025-01-24,23426.30078125,22976.849609375,23092.19921875
2025-01-31,23546.80078125,22786.900390625,23508.400390625
2025-02-07,23807.30078125,23222.0,23559.94921875
2025-02-14,23568.599609375,22774.849609375,22929.25
2025-02-21,23049.94921875,22720.30078125,22795.900390625
2025-02-28,22668.05078125,22104.849609375,22124.69921875
2025-03-07,22633.80078125,21964.599609375,22552.5
2025-03-14,22676.75,22314.69921875,22397.19921875
2025-03-21,23402.69921875,22353.150390625,23350.400390625
2025-03-28,23869.599609375,23412.19921875,23519.349609375
2025-04-04,23565.150390625,22857.44921875,22904.44921875
2025-04-11,22923.900390625,21743.650390625,22828.55078125
2025-04-18,23872.349609375,23207.0,23851.650390625
2025-04-25,24365.44921875,23847.849609375,24039.349609375
2025-05-02,24589.150390625,24054.05078125,24346.69921875
2025-05-09,24526.400390625,23935.75,24008.0
2025-05-16,25116.25,24378.849609375,25019.80078125
2025-05-23,25062.94921875,24462.400390625,24853.150390625
2025-05-30,25079.19921875,24677.30078125,24750.69921875
2025-06-06,25029.5,24502.150390625,25003.05078125
2025-06-13,25222.400390625,24473.0,24718.599609375
2025-06-20,25136.19921875,24703.599609375,25112.400390625
2025-06-27,25654.19921875,24824.849609375,25637.80078125
2025-07-04,25669.349609375,25331.650390625,25461.0
2025-07-11,25548.69921875,25129.0,25149.849609375
2025-07-18,25255.30078125,24918.650390625,24968.400390625
2025-07-25,25246.25,24806.349609375,24837.0
2025-08-01,24956.5,24535.05078125,24565.349609375
2025-08-08,24736.25,24337.5,24363.30078125
2025-08-15,24702.599609375,24347.44921875,24631.30078125
2025-08-22,25153.650390625,24852.849609375,24870.099609375
2025-08-29,25021.55078125,24404.69921875,24426.849609375
2025-09-05,24980.75,24432.69921875,24741.0
2025-09-12,25139.44921875,24751.55078125,25114.0
2025-09-19,25448.94921875,25048.75,25327.05078125
2025-09-26,25331.69921875,24629.44921875,24654.69921875
2025-10-03,24904.80078125,24587.69921875,24894.25
2025-10-10,25330.75,24881.650390625,25285.349609375
2025-10-17,25781.5,25060.55078125,25709.849609375
2025-10-24,26104.19921875,25718.19921875,25795.150390625
2025-10-31,26097.849609375,25711.19921875,25722.099609375
2025-11-07,25803.099609375,25318.44921875,25492.30078125
2025-11-14,26010.69921875,25449.25,25910.05078125
2025-11-21,26246.650390625,25856.19921875,26068.150390625
2025-11-28,26310.44921875,25842.94921875,26202.94921875
2025-12-05,26325.80078125,25891.0,26186.44921875
2025-12-12,26178.69921875,25693.25,26046.94921875
2025-12-19,26047.150390625,25726.30078125,25966.400390625
2025-12-26,26236.400390625,26008.599609375,26042.30078125
2026-01-02,26340.0,25878.0,26328.55078125
2026-01-09,26373.19921875,25623.0,25683.30078125
2026-01-16,25899.80078125,25473.400390625,25694.349609375
2026-01-23,25653.30078125,24919.80078125,25048.650390625
2026-01-30,25458.150390625,24932.55078125,25320.650390625
2026-02-06,26341.19921875,24679.400390625,25693.69921875
2026-02-13,26009.400390625,25444.30078125,25471.099609375
2026-02-20,25885.30078125,25372.69921875,25571.25
2026-02-27,25771.44921875,25141.30078125,25178.650390625
2026-03-06,24989.349609375,24305.400390625,24450.44921875
2026-03-13,24303.80078125,23112.0,23151.099609375
2026-03-20,23862.25,22930.349609375,23114.5
2026-03-27,23465.349609375,22471.25,22819.599609375
2026-04-03,22941.30078125,22182.55078125,22713.099609375
2026-04-10,24074.05078125,22542.94921875,24050.599609375
2026-04-17,24400.94921875,23555.599609375,24353.55078125
2026-04-24,24601.69921875,23813.650390625,23897.94921875
2026-05-01,24334.69921875,23796.849609375,23997.55078125
2026-05-08,24482.099609375,23882.05078125,24176.150390625
2026-05-15,23997.44921875,23262.55078125,23643.5
2026-05-22,23859.900390625,23317.099609375,23719.30078125
2026-05-29,24089.80078125,23868.5,23907.30078125
